{"cameraMode":{"drawMode":0,"name":"Shaded","section":"Shading Mode"},"sceneLighting":true,"audioPlay":false,"sceneViewState":{"m_AlwaysRefresh":false,"showFog":true,"showSkybox":true,"showFlares":true,"showImageEffects":true,"showParticleSystems":true,"showVisualEffectGraphs":true,"m_FxEnabled":true},"in2DMode":false,"pivot":{"x":0.9011030793190002,"y":2.5113658905029299,"z":-1.154356837272644},"rotation":{"x":-0.3506191670894623,"y":0.0019816532731056215,"z":-0.0007388349622488022,"w":-0.9365827441215515},"size":9.818982124328614,"orthographic":true}